Time,AccelX,AccelY,AccelZ,GyroX,GyroY,GyroZ,ActivityLabel
33179,-7.31,0.84,0.55,-0.0,-0.06,-0.15,fall_forward
33180,-7.96,-0.81,0.94,-0.03,-0.12,0.12,fall_forward
33181,-9.7,-1.82,0.36,0.14,0.08,0.05,fall_forward
33182,3.23,-0.71,0.29,0.12,0.12,-0.06,fall_forward
33183,5.26,0.44,0.56,0.03,-0.18,-0.1,fall_forward
33184,-4.15,0.38,0.23,-0.16,0.17,-0.08,fall_forward
33185,-7.28,-1.53,0.58,-0.05,-0.11,-0.05,fall_forward
33186,-0.92,-1.95,0.26,0.03,0.17,-0.13,fall_forward
33187,-4.01,-0.7,0.93,0.1,-0.1,-0.1,fall_forward
33188,-9.16,0.48,0.42,0.18,-0.11,-0.18,fall_forward
33189,-7.38,-1.9,0.89,0.11,0.02,-0.03,fall_forward
33190,1.1,1.36,0.22,-0.19,0.12,0.14,fall_forward
33191,-8.65,-0.3,0.32,0.14,0.19,-0.17,fall_forward
33192,-5.74,-0.69,0.97,-0.2,0.09,-0.08,fall_forward
33193,-5.27,1.76,0.07,0.03,0.12,0.15,fall_forward
33194,5.15,0.43,0.18,0.19,0.09,0.07,fall_forward
33195,-3.86,0.73,0.9,-0.04,-0.13,-0.04,fall_forward
33196,-9.76,-0.9,0.17,0.01,-0.09,-0.01,fall_forward
33197,-1.04,-1.18,0.75,-0.05,0.03,-0.0,fall_forward
33198,-5.86,0.68,0.12,-0.12,-0.11,0.16,fall_forward
33199,8.23,0.2,0.17,0.0,-0.07,-0.15,fall_forward
33200,8.29,1.81,0.25,-0.08,-0.01,0.04,fall_forward
33201,-7.89,0.05,0.05,0.06,-0.1,-0.05,fall_forward
33202,-5.77,-1.41,0.21,0.05,0.06,0.11,fall_forward
33203,8.53,1.22,0.72,-0.1,-0.02,0.0,fall_forward
33204,6.8,1.06,0.88,0.07,-0.05,0.18,fall_forward
33205,-6.88,0.81,0.57,-0.02,0.16,0.12,fall_forward
33206,-7.68,1.7,0.09,-0.01,0.05,-0.18,fall_forward
33207,4.23,-0.07,0.05,-0.07,0.19,-0.08,fall_forward
33208,-3.82,-0.1,0.51,-0.06,0.18,0.14,fall_forward
33209,-7.77,-0.83,0.9,-0.11,-0.0,-0.13,fall_forward
33210,8.14,-1.71,0.74,-0.05,0.02,-0.15,fall_forward
33211,2.77,-0.07,0.86,-0.12,-0.17,0.18,fall_forward
33212,4.77,-0.02,0.2,0.19,0.03,0.1,fall_forward
33213,3.61,-1.18,0.68,-0.18,0.03,0.03,fall_forward
33214,4.73,-1.64,0.22,-0.0,0.02,-0.11,fall_forward
33215,3.75,0.32,0.23,0.2,-0.18,-0.18,fall_forward
33216,8.24,-0.77,0.63,0.07,0.12,0.04,fall_forward
33217,-7.42,-0.86,0.14,-0.05,-0.08,-0.11,fall_forward
33218,2.79,-0.16,0.11,0.11,0.09,-0.04,fall_forward
33219,6.06,0.03,0.51,-0.09,-0.07,-0.12,fall_forward
33220,2.84,-0.31,0.97,0.17,0.02,-0.15,fall_forward
33221,-3.84,-0.18,0.96,0.02,0.06,0.08,fall_forward
33222,-8.36,1.75,0.72,0.16,-0.13,-0.18,fall_forward
33223,7.85,-0.57,0.7,0.12,0.13,-0.09,fall_forward
33224,-7.93,-1.68,0.04,-0.07,-0.19,0.12,fall_forward
33225,-9.01,-0.44,0.47,0.0,0.06,0.04,fall_forward
33226,9.12,1.06,0.25,-0.04,0.01,0.02,fall_forward
33227,1.6,0.65,0.15,0.09,0.19,-0.04,fall_forward
33228,-2.9,1.79,0.21,0.05,-0.05,-0.1,fall_forward
33229,6.11,-1.1,0.54,0.15,0.14,0.13,fall_forward
33230,-6.83,-1.44,0.95,0.04,0.03,-0.07,fall_forward
33231,1.2,1.36,0.17,0.16,0.05,-0.2,fall_forward
33232,-7.45,-1.61,0.92,-0.07,-0.02,-0.07,fall_forward
33233,-4.1,-0.31,0.18,-0.02,0.0,0.18,fall_forward
33234,1.13,1.21,0.69,0.13,0.09,-0.14,fall_forward
33235,-7.03,0.29,0.57,-0.06,-0.14,0.07,fall_forward
33236,7.01,1.57,0.75,-0.14,0.19,-0.17,fall_forward
33237,-3.23,1.91,0.35,0.11,0.14,-0.11,fall_forward
33238,-4.25,0.82,0.31,-0.14,0.19,0.18,fall_forward
33239,1.86,-1.25,0.82,0.11,-0.16,-0.15,fall_forward
33240,-3.58,-1.26,0.02,0.11,-0.01,-0.03,fall_forward
33241,9.84,1.32,0.24,-0.15,-0.09,0.14,fall_forward
33242,-9.43,1.09,0.97,0.1,-0.12,0.14,fall_forward
33243,2.64,1.31,0.34,-0.14,-0.08,-0.1,fall_forward
33244,9.58,-1.61,0.66,0.14,-0.01,-0.01,fall_forward
33245,7.05,1.11,0.45,0.07,-0.18,-0.03,fall_forward
33246,5.67,-1.52,0.74,-0.18,0.01,0.13,fall_forward
33247,-7.08,1.11,0.79,0.03,-0.02,0.02,fall_forward
33248,-5.15,-0.44,0.5,0.07,-0.07,-0.07,fall_forward
33249,-0.16,-1.23,0.48,-0.11,0.19,-0.16,fall_forward
33250,9.7,-1.38,0.97,-0.07,-0.05,0.15,fall_forward
33251,0.47,-1.78,0.29,-0.07,-0.12,0.0,fall_forward
33252,0.9,-0.34,0.06,0.09,-0.13,-0.04,fall_forward
33253,-2.07,-0.79,0.81,-0.06,0.2,0.2,fall_forward
33254,-2.49,1.98,0.42,-0.08,0.05,0.03,fall_forward
33255,-2.96,-1.55,0.48,0.14,-0.17,0.15,fall_forward
33256,3.6,-0.35,0.61,-0.13,-0.18,0.16,fall_forward
33257,-0.25,-0.21,0.12,-0.07,0.11,-0.07,fall_forward
33258,9.57,0.52,0.72,-0.06,-0.06,-0.16,fall_forward
33259,3.39,1.66,0.23,-0.13,0.15,-0.18,fall_forward
33260,-9.07,1.59,0.68,-0.13,-0.15,-0.09,fall_forward
33261,9.22,1.36,0.89,0.15,0.06,0.17,fall_forward
33262,4.44,-0.33,0.42,0.1,-0.13,-0.13,fall_forward
33263,4.14,-1.76,0.69,-0.18,0.15,0.1,fall_forward
33264,-7.53,0.97,0.55,0.09,-0.08,-0.15,fall_forward
33265,-5.98,1.02,0.76,-0.13,-0.1,0.09,fall_forward
33266,-0.26,1.73,0.25,0.06,0.18,-0.08,fall_forward
33267,8.54,1.85,0.3,0.08,0.13,0.05,fall_forward
33268,-4.43,-0.2,0.69,-0.06,0.12,0.03,fall_forward
33269,-9.1,0.19,0.85,0.05,0.03,0.14,fall_forward
33270,-9.53,-0.82,0.75,0.13,-0.19,-0.03,fall_forward
33271,-9.47,0.94,0.13,0.03,0.02,0.19,fall_forward
33272,-7.28,0.02,0.12,-0.09,-0.18,-0.01,fall_forward
33273,6.32,0.07,0.57,0.05,0.05,-0.17,fall_forward
33274,-3.92,-0.51,0.57,-0.09,0.04,-0.14,fall_forward
33275,-6.45,1.37,0.06,-0.09,0.09,0.04,fall_forward
33276,-8.29,0.19,0.53,-0.19,-0.1,0.12,fall_forward
33277,-1.71,-1.13,0.74,0.2,0.09,-0.16,fall_forward
33278,-2.49,-1.66,0.87,-0.07,-0.12,0.16,fall_forward
33279,6.94,-0.87,0.24,-0.02,-0.05,0.07,fall_forward
33280,-0.63,1.83,0.09,-0.11,0.06,0.0,fall_forward
33281,-2.52,-1.06,0.77,-0.02,-0.13,0.15,fall_forward
33282,-4.85,-0.16,0.9,-0.18,0.18,0.05,fall_forward
33283,-0.79,1.85,0.86,0.07,-0.06,0.01,fall_forward
33284,6.7,-0.07,0.85,-0.1,0.02,0.13,fall_forward
33285,-2.64,0.39,0.85,0.03,0.04,-0.08,fall_forward
33286,-7.89,-0.81,0.78,0.01,-0.08,-0.0,fall_forward
33287,-0.65,1.52,0.07,0.1,-0.16,-0.11,fall_forward
33288,-4.15,-1.18,0.24,-0.0,0.14,-0.01,fall_forward
33289,-6.31,1.82,0.96,0.1,0.03,0.01,fall_forward
33290,-7.15,1.06,0.08,0.04,-0.16,0.12,fall_forward
33291,8.42,1.33,0.91,-0.12,0.12,0.06,fall_forward
33292,-1.26,-0.83,0.21,-0.13,-0.1,0.14,fall_forward
33293,2.46,1.45,0.99,-0.04,0.12,-0.08,fall_forward
33294,-6.25,-0.57,0.65,-0.05,0.05,-0.11,fall_forward
33295,7.61,-0.26,0.45,0.01,-0.07,0.05,fall_forward
33296,7.06,-1.82,0.82,0.11,-0.11,-0.16,fall_forward
33297,-2.0,-1.62,0.49,-0.19,-0.14,0.18,fall_forward
33298,8.54,1.87,0.68,0.17,-0.2,-0.11,fall_forward
33299,-1.77,-1.13,0.19,-0.18,-0.05,-0.05,fall_backward
33300,-1.41,1.19,0.32,0.19,0.14,-0.07,fall_backward
33301,8.38,-0.27,0.23,-0.18,0.17,-0.0,fall_backward
33302,0.46,-1.79,0.07,0.16,0.09,0.06,fall_backward
33303,-4.07,0.3,0.42,0.12,0.14,-0.06,fall_backward
33304,-0.9,-0.78,0.59,0.13,0.06,-0.11,fall_backward
33305,-8.2,-0.7,0.09,0.02,0.07,-0.16,fall_backward
33306,7.79,1.07,0.37,0.17,0.19,-0.01,fall_backward
33307,3.26,1.65,0.16,0.1,-0.04,-0.14,fall_backward
33308,-1.59,0.9,0.57,-0.18,-0.18,-0.15,fall_backward
33309,-7.85,-0.47,0.36,-0.05,0.19,-0.07,fall_backward
33310,7.01,-0.46,0.52,-0.17,-0.09,-0.06,fall_backward
33311,-3.79,0.03,0.89,-0.05,-0.16,0.1,fall_backward
33312,0.8,1.79,0.39,0.13,0.11,0.17,fall_backward
33313,0.75,0.58,0.14,0.14,0.06,0.14,fall_backward
33314,2.9,-1.35,0.14,0.04,0.11,0.13,fall_backward
33315,6.41,-0.18,0.29,-0.06,-0.06,0.15,fall_backward
33316,1.99,-0.48,0.76,0.09,0.18,0.08,fall_backward
33317,-5.9,-0.88,0.58,-0.2,-0.05,-0.17,fall_backward
33318,7.81,-1.99,0.56,-0.09,-0.05,0.17,fall_backward
33319,2.08,0.23,0.95,-0.13,0.18,0.01,fall_backward
33320,-6.39,-0.23,0.71,0.01,0.01,-0.01,fall_backward
33321,-5.58,-1.88,0.38,0.03,-0.18,-0.17,fall_backward
33322,8.41,-0.15,0.46,-0.14,-0.07,0.02,fall_backward
33323,9.55,-1.65,0.18,-0.05,0.04,-0.04,fall_backward
33324,-3.24,0.06,0.56,0.0,-0.0,0.13,fall_backward
33325,2.42,-1.87,0.69,0.16,0.14,-0.11,fall_backward
33326,2.52,-0.92,0.01,-0.14,0.18,-0.08,fall_backward
33327,3.49,-1.49,0.38,-0.11,0.08,0.0,fall_backward
33328,-6.94,1.64,0.14,-0.08,0.02,0.19,fall_backward
33329,7.4,1.48,0.45,0.11,0.14,-0.08,fall_backward
33330,0.44,-0.75,0.82,-0.15,0.13,-0.15,fall_backward
33331,-1.6,0.89,0.37,0.17,0.14,0.14,fall_backward
33332,6.2,-1.15,0.77,0.15,-0.08,0.05,fall_backward
33333,5.17,-0.91,0.38,-0.18,0.1,-0.12,fall_backward
33334,-3.84,0.14,0.76,-0.2,-0.06,0.06,fall_backward
33335,8.75,-0.08,0.17,0.12,0.01,0.14,fall_backward
33336,1.9,1.94,0.3,0.07,-0.18,-0.14,fall_backward
33337,4.65,1.65,0.83,0.07,-0.2,-0.01,fall_backward
33338,-0.0,0.62,0.06,0.2,0.15,-0.01,fall_backward
33339,-4.47,1.48,0.85,0.02,-0.05,-0.14,fall_backward
33340,-3.22,0.77,0.15,-0.16,0.05,-0.03,fall_backward
33341,5.28,-1.22,0.08,-0.18,0.04,0.17,fall_backward
33342,4.46,-1.62,1.0,0.15,0.13,-0.1,fall_backward
33343,8.92,1.64,0.11,-0.09,-0.07,-0.1,fall_backward
33344,9.56,1.45,0.15,-0.16,0.11,0.03,fall_backward
33345,-8.78,1.78,0.77,0.07,0.05,0.12,fall_backward
33346,-5.12,1.86,0.87,0.09,0.08,0.13,fall_backward
33347,5.32,1.04,0.09,0.07,0.08,-0.01,fall_backward
33348,-8.77,-1.7,0.98,0.11,0.1,0.13,fall_backward
33349,3.41,1.25,0.71,-0.13,0.16,-0.03,fall_backward
33350,0.43,1.88,0.02,0.0,0.1,0.06,fall_backward
33351,-1.05,-0.06,0.94,-0.19,-0.01,-0.19,fall_backward
33352,2.47,-1.31,0.0,-0.12,0.15,-0.15,fall_backward
33353,8.45,0.69,0.96,0.09,-0.02,-0.19,fall_backward
33354,-8.33,0.19,0.76,-0.01,0.09,-0.2,fall_backward
33355,-1.59,-0.07,0.9,-0.02,0.16,0.19,fall_backward
33356,-9.22,0.22,0.7,0.17,0.08,-0.16,fall_backward
33357,9.72,0.49,0.24,-0.1,-0.16,-0.09,fall_backward
33358,-8.53,0.31,0.17,0.08,0.08,0.01,fall_backward
33359,-1.54,1.39,0.11,0.18,0.08,-0.05,fall_backward
33360,0.07,-1.31,0.47,-0.07,-0.13,-0.17,fall_backward
33361,-3.96,1.89,0.38,0.04,-0.01,-0.04,fall_backward
33362,-5.45,-1.65,0.8,-0.09,-0.05,-0.02,fall_backward
33363,-0.71,0.46,0.46,0.05,-0.11,0.06,fall_backward
33364,-0.95,0.04,0.64,-0.0,0.13,0.06,fall_backward
33365,4.59,0.24,0.83,0.05,0.18,0.09,fall_backward
33366,-5.35,-1.68,0.98,-0.13,0.05,-0.08,fall_backward
33367,3.55,-1.52,0.13,-0.14,0.17,-0.11,fall_backward
33368,-0.52,-0.52,0.7,-0.08,-0.04,-0.05,fall_backward
33369,-7.99,-0.05,0.71,-0.08,-0.17,0.04,fall_backward
33370,-7.57,0.23,0.96,0.09,-0.19,-0.03,fall_backward
33371,5.38,-0.98,0.24,-0.19,-0.07,-0.02,fall_backward
33372,1.34,1.12,0.72,-0.06,-0.05,0.12,fall_backward
33373,1.47,-0.83,0.58,-0.15,-0.17,-0.11,fall_backward
33374,8.2,-1.36,0.5,-0.17,0.01,-0.12,fall_backward
33375,-5.4,1.5,0.4,-0.03,0.07,-0.17,fall_backward
33376,9.3,0.95,0.12,0.06,0.07,-0.08,fall_backward
33377,-3.72,0.72,0.24,0.12,0.19,-0.18,fall_backward
33378,-7.7,-1.56,0.44,0.06,-0.16,0.04,fall_backward
33379,-3.14,-0.29,0.76,0.04,0.11,0.06,fall_backward
33380,2.35,1.96,0.13,0.08,-0.15,0.06,fall_backward
33381,8.95,0.07,0.7,-0.05,0.06,0.04,fall_backward
33382,4.12,0.5,0.54,0.14,-0.11,0.09,fall_backward
33383,3.36,-1.44,1.0,0.18,-0.2,0.04,fall_backward
33384,7.57,-0.16,0.65,-0.02,-0.18,-0.02,fall_backward
33385,5.36,-0.93,0.75,0.14,0.06,0.04,fall_backward
33386,-9.22,1.65,0.87,0.15,-0.14,0.19,fall_backward
33387,-6.34,0.83,0.68,-0.11,-0.07,-0.19,fall_backward
33388,6.16,0.93,0.07,0.09,-0.11,0.13,fall_backward
33389,-3.88,-1.46,0.4,0.02,0.15,-0.04,fall_backward
33390,7.9,-1.62,0.71,0.07,-0.16,-0.01,fall_backward
33391,7.64,-0.87,0.12,0.02,0.2,-0.09,fall_backward
33392,1.4,-1.29,0.2,0.09,0.05,-0.18,fall_backward
33393,0.97,-0.06,0.14,0.12,-0.01,0.11,fall_backward
33394,2.64,-0.76,0.34,-0.02,-0.06,0.16,fall_backward
33395,-7.86,-1.01,0.67,-0.03,0.16,0.11,fall_backward
33396,6.35,-0.57,0.91,-0.03,0.1,0.05,fall_backward
33397,1.61,0.9,0.77,0.15,-0.04,0.02,fall_backward
33398,2.64,0.23,0.9,-0.1,0.03,0.12,fall_backward
33399,-7.03,-0.56,0.85,-0.05,0.18,-0.13,fall_backward
33400,4.34,-1.96,0.99,-0.06,-0.05,0.18,fall_backward
33401,-7.54,-0.42,0.05,0.05,-0.12,-0.01,fall_backward
33402,3.41,-0.23,0.13,-0.11,0.17,0.05,fall_backward
33403,2.88,-1.82,0.62,0.14,-0.14,-0.18,fall_backward
33404,-1.11,1.09,0.07,-0.06,-0.04,-0.13,fall_backward
33405,-4.89,0.83,0.52,0.08,0.17,-0.07,fall_backward
33406,6.03,0.86,0.14,0.15,0.08,0.01,fall_backward
33407,5.16,-0.92,0.32,0.15,0.11,0.08,fall_backward
33408,8.58,-0.31,0.88,-0.17,-0.09,-0.1,fall_backward
33409,7.27,-0.27,0.95,-0.09,-0.07,-0.18,fall_backward
33410,5.62,-0.83,0.21,0.07,-0.14,-0.07,fall_backward
33411,-5.22,-1.81,0.33,-0.12,-0.04,-0.06,fall_backward
33412,-5.51,0.94,0.09,0.19,0.05,0.12,fall_backward
33413,5.88,0.46,0.13,-0.05,0.05,0.18,fall_backward
33414,3.92,-0.18,0.96,-0.15,0.17,0.12,fall_backward
33415,-4.25,-1.91,0.68,-0.15,-0.18,0.06,fall_backward
33416,-8.2,1.27,0.76,0.12,-0.05,-0.02,fall_backward
33417,-2.7,0.2,0.74,0.11,0.12,0.12,fall_backward
33418,4.64,-1.52,0.38,-0.01,-0.18,0.18,fall_backward
33419,0.14,-0.21,0.67,0.06,0.1,0.19,fall_backward
33420,7.59,1.95,0.18,-0.05,-0.11,-0.02,fall_backward
33421,4.25,-1.34,0.81,-0.1,-0.11,-0.14,fall_backward
33422,-8.7,1.49,0.07,0.13,0.06,-0.13,fall_backward
33423,-7.35,-0.71,0.48,0.01,0.15,0.09,fall_backward
33424,2.51,-0.83,0.73,0.09,0.13,-0.16,fall_backward
33425,-3.31,0.4,0.76,-0.11,-0.12,-0.19,fall_backward
33426,3.93,0.61,0.04,0.14,-0.03,0.09,fall_backward
33427,-2.33,-0.26,0.66,0.11,-0.16,-0.19,fall_backward
33428,-3.83,-1.66,0.38,-0.11,0.2,0.14,fall_backward
33429,7.59,0.48,0.62,0.17,0.16,-0.08,fall_backward
33430,4.05,-0.02,0.26,-0.03,0.11,0.19,fall_backward
33431,8.49,-0.36,0.45,0.1,0.05,0.04,fall_backward
33432,5.15,-0.36,0.73,-0.03,0.04,0.14,fall_backward
33433,0.25,0.19,0.58,0.03,0.12,0.14,fall_backward
33434,-2.51,-1.56,0.16,-0.03,0.13,-0.19,fall_backward
33435,-2.22,2.0,0.53,-0.13,-0.2,-0.11,fall_backward
33436,-3.15,-1.42,0.73,0.15,0.14,0.18,fall_backward
33437,6.44,0.95,0.62,0.1,0.05,-0.11,fall_backward
33438,7.62,-1.99,0.18,0.1,-0.14,0.16,fall_backward
33439,4.91,-0.69,0.61,0.03,-0.19,0.07,fall_backward
33440,4.5,-0.63,0.93,-0.02,0.01,-0.1,fall_backward
33441,-6.28,1.54,0.06,-0.05,-0.03,-0.05,fall_backward
33442,4.65,-0.22,0.16,0.11,-0.03,0.05,fall_backward
33443,7.73,0.14,0.42,0.01,-0.13,0.06,fall_backward
33444,-7.15,0.6,0.71,0.08,-0.14,0.08,fall_backward
33445,-0.09,-1.62,0.28,-0.06,0.09,-0.18,fall_backward
33446,1.28,0.26,0.45,0.14,0.15,-0.18,fall_backward
33447,-3.61,0.92,0.46,0.14,0.13,0.02,fall_backward
33448,9.93,-0.69,0.96,-0.06,0.14,0.15,fall_backward
33449,9.97,-1.03,0.5,-0.13,-0.16,0.03,fall_backward
33450,3.33,-0.14,0.12,0.11,-0.16,-0.06,fall_backward
33451,-1.18,1.35,0.43,0.2,0.13,-0.17,fall_backward
33452,3.56,0.54,0.09,0.15,0.03,-0.09,fall_backward
33453,-4.27,-1.7,0.53,-0.17,0.06,-0.14,fall_backward
33454,-9.51,-1.94,0.19,-0.02,0.18,-0.12,fall_backward
33455,-7.57,-1.14,0.15,0.05,0.1,-0.01,fall_backward
33456,1.59,0.35,0.29,-0.15,-0.12,-0.01,fall_backward
33457,-1.23,-1.66,0.48,-0.02,0.15,-0.16,fall_backward
33458,5.8,-0.52,0.3,0.01,0.11,0.03,fall_backward
33459,-7.28,0.56,0.02,-0.07,0.2,0.1,fall_backward
33460,-7.39,1.77,0.64,-0.05,0.02,0.09,fall_backward
33461,-9.49,-1.16,0.99,-0.03,0.1,-0.06,fall_backward
33462,-1.56,-0.65,0.14,-0.03,0.01,0.06,fall_backward
33463,-2.16,-1.17,0.64,-0.16,-0.17,0.03,fall_backward
33464,-0.28,0.95,0.73,0.04,0.16,-0.17,fall_backward
33465,3.91,0.5,0.05,-0.17,-0.01,-0.05,fall_backward
33466,8.68,-1.44,0.82,-0.18,0.2,0.13,fall_backward
33467,-5.93,0.52,0.33,0.07,-0.16,0.09,fall_backward
33468,7.94,1.11,0.8,0.17,-0.1,-0.0,fall_backward
33469,1.65,0.73,0.72,-0.01,0.14,0.04,fall_backward
33470,-6.64,0.68,0.85,0.01,-0.18,-0.08,fall_backward
33471,-8.79,-0.92,0.16,0.06,-0.08,-0.15,fall_backward
33472,8.6,-0.26,0.41,0.16,0.12,-0.1,fall_backward
33473,-2.84,1.94,0.58,-0.13,0.06,-0.06,fall_backward
33474,8.58,0.52,0.4,0.08,0.02,-0.09,fall_backward
33475,-3.98,1.93,0.76,-0.09,-0.09,0.03,fall_backward
33476,2.29,-1.6,0.45,-0.16,0.08,-0.17,fall_backward
33477,-7.29,0.76,0.83,0.03,0.04,0.19,fall_backward
33478,-7.59,-1.32,0.97,0.04,0.08,0.1,fall_backward
33479,-6.25,-0.7,0.1,0.15,-0.15,-0.1,fall_left
33480,-8.16,-0.9,0.02,0.18,-0.18,0.06,fall_left
33481,-9.48,1.3,0.08,-0.13,0.15,-0.13,fall_left
33482,4.82,-0.5,0.9,-0.1,0.14,0.06,fall_left
33483,9.78,1.9,0.42,0.15,-0.09,-0.1,fall_left
33484,5.53,-0.73,0.56,0.18,0.01,-0.08,fall_left
33485,-5.81,-0.79,0.33,0.04,-0.09,0.14,fall_left
33486,-1.12,-0.04,0.59,0.05,0.06,0.07,fall_left
33487,-4.28,1.42,0.67,-0.02,0.13,-0.0,fall_left
33488,-1.67,0.46,0.17,0.11,-0.0,0.18,fall_left
33489,3.98,0.79,0.97,-0.2,-0.03,0.1,fall_left
33490,-1.85,1.01,0.1,0.19,0.17,-0.15,fall_left
33491,-1.06,-0.64,0.28,-0.17,0.15,-0.11,fall_left
33492,9.58,-0.97,0.3,0.17,-0.11,0.04,fall_left
33493,4.96,-1.85,0.59,0.01,0.16,0.19,fall_left
33494,-0.96,-0.74,0.8,0.03,-0.01,-0.01,fall_left
33495,1.18,-0.3,0.48,0.18,0.17,-0.18,fall_left
33496,-7.13,-0.65,0.42,-0.2,0.09,-0.12,fall_left
33497,-4.52,1.0,0.24,-0.16,0.04,-0.19,fall_left
33498,-8.23,0.15,0.06,0.17,-0.19,-0.16,fall_left
33499,7.19,0.6,0.26,-0.16,0.16,0.13,fall_left
33500,6.88,0.9,0.53,0.16,-0.05,-0.04,fall_left
33501,9.56,1.68,0.78,0.03,-0.07,0.02,fall_left
33502,-0.08,0.92,0.39,-0.08,-0.06,0.09,fall_left
33503,8.83,0.39,0.14,0.19,0.04,-0.06,fall_left
33504,2.32,-1.61,0.77,-0.11,0.17,0.12,fall_left
33505,-3.23,-0.89,0.76,-0.11,0.09,-0.11,fall_left
33506,8.58,0.25,0.23,0.17,-0.15,-0.13,fall_left
33507,0.82,1.24,0.63,-0.14,-0.09,0.01,fall_left
33508,-6.93,-1.75,0.28,-0.08,0.11,0.15,fall_left
33509,3.63,1.06,0.54,-0.05,0.12,0.08,fall_left
33510,7.18,-1.41,0.81,0.01,-0.17,0.19,fall_left
33511,-8.33,1.38,0.59,0.01,-0.19,-0.18,fall_left
33512,8.8,1.22,0.64,0.02,-0.18,0.1,fall_left
33513,-4.79,-0.12,0.37,0.01,0.12,-0.11,fall_left
33514,6.61,0.28,0.41,-0.11,-0.1,0.0,fall_left
33515,6.91,-0.95,0.64,0.18,0.17,-0.07,fall_left
33516,-8.26,-0.6,0.41,0.07,-0.1,0.16,fall_left
33517,-0.43,0.3,0.62,0.18,-0.12,0.06,fall_left
33518,9.21,-0.68,0.34,-0.13,0.01,-0.1,fall_left
33519,-9.47,-1.46,0.89,0.12,-0.12,0.06,fall_left
33520,3.25,-1.47,0.47,-0.04,-0.08,-0.09,fall_left
33521,8.52,0.53,0.7,-0.16,0.02,-0.07,fall_left
33522,-9.62,-1.07,0.14,-0.02,-0.15,0.02,fall_left
33523,-1.68,-1.89,0.59,-0.01,0.17,-0.19,fall_left
33524,-1.42,-1.58,0.2,0.11,-0.0,-0.06,fall_left
33525,5.76,1.42,0.07,0.18,-0.09,-0.16,fall_left
33526,-0.54,1.13,0.93,0.18,-0.06,0.05,fall_left
33527,-2.37,0.56,0.9,-0.08,0.12,-0.19,fall_left
33528,5.32,-0.31,0.25,0.03,-0.18,-0.08,fall_left
33529,4.62,-0.05,0.48,0.14,0.16,0.04,fall_left
33530,-3.74,-1.39,0.44,0.16,-0.01,-0.14,fall_left
33531,-0.16,-1.33,0.12,-0.09,0.03,0.11,fall_left
33532,-0.95,1.33,0.61,-0.05,-0.09,-0.16,fall_left
33533,-3.8,0.54,0.64,-0.15,0.16,-0.05,fall_left
33534,0.64,-0.87,0.25,-0.07,-0.16,-0.1,fall_left
33535,-8.2,-0.64,0.49,-0.15,0.08,-0.1,fall_left
33536,-2.36,-1.37,0.83,0.09,0.07,0.05,fall_left
33537,-2.15,1.03,0.49,0.08,-0.16,0.07,fall_left
33538,-0.74,-1.46,0.59,-0.06,0.16,-0.18,fall_left
33539,-3.63,1.68,0.56,0.06,0.06,0.14,fall_left
33540,9.84,-1.02,0.24,0.07,0.04,-0.15,fall_left
33541,1.53,-0.34,0.2,0.15,0.01,0.16,fall_left
33542,-2.13,0.37,0.54,0.03,0.12,-0.19,fall_left
33543,-4.83,2.0,0.5,0.15,0.09,-0.17,fall_left
33544,0.69,-0.19,0.33,0.11,0.18,0.13,fall_left
33545,-4.06,-1.39,0.87,0.17,-0.2,-0.07,fall_left
33546,2.52,-1.73,0.29,-0.2,0.01,0.1,fall_left
33547,3.84,-0.23,0.16,0.16,0.19,0.05,fall_left
33548,-3.49,1.5,0.62,0.12,0.08,-0.06,fall_left
33549,-9.63,-0.58,0.07,0.08,-0.0,-0.19,fall_left
33550,-2.07,0.57,0.3,-0.15,0.0,-0.16,fall_left
33551,-8.95,-1.95,0.76,0.03,-0.06,0.14,fall_left
33552,3.65,-1.5,0.53,-0.18,-0.05,0.03,fall_left
33553,-1.17,1.24,0.6,0.09,-0.19,0.17,fall_left
33554,-7.14,0.44,0.4,-0.02,0.13,0.11,fall_left
33555,-0.91,-1.37,0.62,-0.04,0.1,0.1,fall_left
33556,-4.18,-0.68,0.15,-0.08,0.06,0.11,fall_left
33557,9.43,1.59,0.8,0.02,0.03,-0.17,fall_left
33558,1.76,1.73,0.48,0.06,-0.14,0.1,fall_left
33559,-3.78,1.2,0.71,-0.17,-0.17,0.01,fall_left
33560,9.75,1.73,0.26,0.1,0.01,-0.09,fall_left
33561,5.69,-0.1,0.23,-0.04,-0.11,0.01,fall_left
33562,-9.55,0.29,0.71,0.14,0.19,-0.05,fall_left
33563,-4.28,0.37,0.25,0.16,0.16,0.06,fall_left
33564,-2.91,0.51,0.77,0.13,0.06,-0.1,fall_left
33565,4.73,1.42,0.06,0.07,-0.15,0.12,fall_left
33566,-4.27,1.2,0.89,0.15,-0.09,0.12,fall_left
33567,9.58,1.77,0.77,-0.14,-0.1,0.0,fall_left
33568,-6.75,1.62,0.4,-0.11,0.16,-0.04,fall_left
33569,5.61,0.19,0.19,0.01,0.07,-0.05,fall_left
33570,6.43,1.2,0.42,-0.05,0.16,-0.14,fall_left
33571,-6.29,-0.58,0.11,0.03,0.13,-0.02,fall_left
33572,8.28,-1.14,0.13,-0.01,-0.04,-0.14,fall_left
33573,1.28,0.29,0.97,0.05,0.16,0.19,fall_left
33574,-5.38,-0.62,0.6,-0.08,0.04,0.11,fall_left
33575,-9.11,-1.77,0.78,0.1,0.16,0.15,fall_left
33576,-4.41,0.01,0.98,0.13,0.02,-0.16,fall_left
33577,-2.58,0.11,0.17,-0.19,0.1,-0.19,fall_left
33578,0.11,-1.03,0.79,0.18,0.02,-0.19,fall_left
33579,1.51,-0.35,0.46,0.09,-0.1,0.13,fall_left
33580,-1.39,-0.63,0.22,0.11,-0.16,-0.01,fall_left
33581,6.07,-0.71,0.73,0.02,-0.0,-0.14,fall_left
33582,-2.72,-1.27,0.63,0.13,0.13,0.17,fall_left
33583,-7.09,-0.21,0.97,0.13,-0.11,0.03,fall_left
33584,-7.26,-0.3,0.79,0.08,-0.13,0.08,fall_left
33585,-0.81,0.61,0.91,-0.18,0.05,0.12,fall_left
33586,5.32,-1.29,0.01,0.07,0.07,-0.07,fall_left
33587,-7.45,1.95,0.33,0.02,0.18,0.12,fall_left
33588,1.58,-0.22,0.86,-0.01,-0.08,-0.04,fall_left
33589,-4.68,-1.55,0.08,0.12,0.13,0.18,fall_left
33590,5.98,1.83,0.65,0.0,-0.14,-0.11,fall_left
33591,-0.22,-0.02,0.43,-0.16,0.13,-0.0,fall_left
33592,2.54,1.63,0.17,0.04,-0.17,-0.11,fall_left
33593,-0.17,-0.21,0.27,0.13,-0.17,0.02,fall_left
33594,-2.72,0.18,0.92,0.16,-0.07,0.19,fall_left
33595,6.73,-0.91,0.21,-0.07,0.15,0.03,fall_left
33596,-5.01,1.59,0.12,0.19,0.12,0.07,fall_left
33597,3.86,0.8,0.49,-0.05,0.15,0.03,fall_left
33598,-0.54,-1.09,0.47,-0.09,-0.16,0.0,fall_left
33599,3.39,-1.24,0.72,0.2,-0.02,0.12,fall_right
33600,-0.29,-1.45,0.42,0.07,0.11,0.05,fall_right
33601,9.8,1.39,0.43,0.19,-0.13,-0.17,fall_right
33602,-0.32,0.47,0.17,0.09,-0.05,-0.1,fall_right
33603,0.98,-1.5,0.23,0.06,0.06,0.09,fall_right
33604,-1.33,1.58,0.53,0.0,0.02,0.06,fall_right
33605,-8.11,-0.07,0.95,-0.19,-0.02,-0.0,fall_right
33606,8.77,-1.9,0.21,0.16,0.17,0.11,fall_right
33607,-8.98,1.85,0.04,-0.1,0.0,-0.02,fall_right
33608,8.86,1.47,0.93,-0.11,-0.13,0.16,fall_right
33609,4.19,0.17,0.77,0.03,-0.15,-0.07,fall_right
33610,5.3,0.42,0.18,-0.15,-0.15,0.12,fall_right
33611,1.24,1.75,0.54,-0.07,-0.17,0.16,fall_right
33612,-5.63,-1.72,0.69,-0.2,-0.07,-0.06,fall_right
33613,-9.47,0.16,0.1,0.06,0.1,0.08,fall_right
33614,-1.12,-1.93,0.55,-0.13,-0.16,-0.18,fall_right
33615,-0.04,1.87,0.06,-0.18,0.07,-0.13,fall_right
33616,-0.81,1.84,0.55,-0.01,0.19,-0.12,fall_right
33617,-5.96,0.37,0.69,-0.05,-0.09,0.15,fall_right
33618,1.89,-0.99,0.73,0.18,-0.06,0.13,fall_right
33619,-6.2,-1.17,0.79,0.09,-0.0,-0.07,fall_right
33620,-3.49,1.3,0.88,0.0,0.1,0.13,fall_right
33621,6.48,-0.49,0.77,-0.18,0.05,0.02,fall_right
33622,-7.45,-1.57,0.92,-0.08,-0.08,-0.1,fall_right
33623,-3.69,0.99,0.63,-0.08,0.02,-0.15,fall_right
33624,7.4,-1.29,0.89,0.09,0.17,-0.01,fall_right
33625,-6.24,1.78,0.75,-0.09,0.04,0.02,fall_right
33626,3.0,-0.93,0.35,-0.07,-0.0,0.15,fall_right
33627,-7.33,0.27,0.2,0.19,0.18,0.06,fall_right
33628,-5.99,-0.73,0.47,-0.04,0.1,0.14,fall_right
33629,7.79,-1.88,0.06,-0.06,-0.18,-0.05,fall_right
33630,1.04,-0.14,0.09,0.18,-0.14,-0.09,fall_right
33631,-0.19,-0.04,0.04,0.07,0.08,-0.01,fall_right
33632,-6.35,1.16,0.97,0.12,-0.18,-0.09,fall_right
33633,-7.39,0.15,0.92,0.12,-0.05,-0.01,fall_right
33634,6.76,0.26,0.09,0.13,0.05,0.02,fall_right
33635,-9.47,-0.27,0.75,0.13,-0.11,-0.19,fall_right
33636,-7.54,-0.84,0.58,-0.05,-0.1,0.06,fall_right
33637,-8.72,-0.75,0.13,-0.14,-0.16,0.1,fall_right
33638,2.61,-1.07,0.39,-0.12,0.19,0.12,fall_right
33639,9.93,-1.38,0.23,0.16,0.11,0.19,fall_right
33640,7.08,-1.01,0.76,0.12,0.08,-0.19,fall_right
33641,1.44,1.36,0.28,-0.03,0.02,-0.11,fall_right
33642,-9.08,1.1,0.31,-0.1,-0.08,-0.02,fall_right
33643,-2.05,-0.97,0.45,0.07,-0.18,-0.03,fall_right
33644,-3.59,-1.19,0.54,0.01,0.01,0.03,fall_right
33645,-6.41,0.35,0.77,-0.18,0.19,0.1,fall_right
33646,-1.65,-0.92,0.36,0.1,-0.01,0.06,fall_right
33647,4.84,0.12,0.41,0.15,0.12,-0.12,fall_right
33648,-7.35,-0.2,0.61,-0.06,-0.07,0.13,fall_right
33649,-2.47,0.68,0.74,-0.17,0.08,-0.15,fall_right
33650,8.13,-1.3,0.39,-0.16,-0.08,0.13,fall_right
33651,7.33,1.46,0.52,-0.14,0.09,0.14,fall_right
33652,9.02,0.71,0.26,-0.05,-0.15,-0.13,fall_right
33653,2.77,-1.44,0.69,-0.07,-0.01,0.1,fall_right
33654,-8.39,-0.18,0.74,0.06,0.02,0.13,fall_right
33655,-0.38,-0.89,0.93,0.08,0.13,-0.14,fall_right
33656,-3.28,1.57,0.57,-0.16,0.04,0.06,fall_right
33657,-7.54,-0.81,0.2,-0.13,-0.08,0.05,fall_right
33658,-1.34,1.53,0.54,-0.15,0.17,0.1,fall_right
33659,1.86,-1.11,0.93,-0.14,0.2,0.2,fall_right
33660,4.44,-0.0,0.9,-0.16,0.01,0.17,fall_right
33661,2.5,-0.13,0.27,0.18,0.01,-0.15,fall_right
33662,-9.15,1.44,0.18,0.12,0.01,0.09,fall_right
33663,9.56,1.89,0.19,-0.12,-0.16,0.17,fall_right
33664,1.68,-1.25,0.22,0.15,0.09,-0.14,fall_right
33665,-1.52,-0.9,0.26,-0.04,0.04,-0.05,fall_right
33666,8.97,0.46,0.16,-0.07,0.17,0.19,fall_right
33667,-7.26,1.25,0.04,-0.16,-0.12,0.07,fall_right
33668,-8.91,-1.62,0.51,0.18,-0.13,-0.18,fall_right
33669,-4.62,-0.71,0.41,0.17,0.19,0.04,fall_right
33670,3.15,0.16,0.09,0.12,0.0,-0.03,fall_right
33671,1.57,0.59,0.97,-0.11,0.04,0.18,fall_right
33672,4.84,-1.26,0.17,-0.19,0.15,-0.1,fall_right
33673,-6.48,-0.16,0.02,-0.05,-0.13,0.19,fall_right
33674,-9.82,-1.97,0.58,0.14,0.13,0.02,fall_right
33675,8.8,-1.25,0.36,-0.02,-0.12,-0.05,fall_right
33676,-9.02,-1.2,0.67,-0.09,-0.05,-0.01,fall_right
33677,-4.73,1.44,0.25,-0.04,-0.03,-0.12,fall_right
33678,-5.59,-0.48,0.46,-0.06,-0.2,0.16,fall_right
33679,7.67,-1.93,0.13,-0.05,0.07,0.07,fall_right
33680,-7.63,-0.78,0.23,0.05,0.14,-0.19,fall_right
33681,2.31,-0.16,0.11,0.05,-0.19,-0.07,fall_right
33682,6.12,-0.37,0.79,0.06,-0.08,0.13,fall_right
33683,5.14,0.45,0.14,-0.06,0.03,0.0,fall_right
33684,3.21,1.05,0.96,-0.05,-0.05,0.14,fall_right
33685,5.39,0.88,0.36,0.15,0.18,0.11,fall_right
33686,-5.96,0.01,0.79,-0.0,-0.01,-0.07,fall_right
33687,3.27,1.84,0.05,0.17,0.17,-0.0,fall_right
33688,-2.03,-0.8,0.98,0.06,0.07,-0.03,fall_right
33689,8.8,-0.56,0.7,0.18,-0.16,0.09,fall_right
33690,5.12,1.53,0.4,0.18,0.05,-0.12,fall_right
33691,7.73,-0.84,0.45,-0.12,0.17,0.03,fall_right
33692,-0.8,-1.34,0.96,0.01,0.12,0.05,fall_right
33693,-1.14,-1.58,0.39,-0.2,-0.0,0.12,fall_right
33694,-8.39,0.62,0.02,0.12,-0.03,0.1,fall_right
33695,-6.6,-1.88,0.74,-0.13,0.01,0.03,fall_right
33696,-2.35,-0.04,0.63,-0.09,0.01,-0.08,fall_right
33697,-8.92,1.53,0.87,-0.07,0.11,0.01,fall_right
33698,5.07,-1.02,0.18,-0.09,0.04,0.08,fall_right
33699,-4.35,-0.31,0.78,0.1,0.1,0.05,fall_right
33700,-7.47,0.7,0.74,0.14,-0.02,0.06,fall_right
33701,3.52,1.62,0.01,0.14,0.09,-0.12,fall_right
33702,8.38,0.63,0.18,0.05,0.15,-0.12,fall_right
33703,2.42,-1.56,0.63,-0.07,-0.07,-0.04,fall_right
33704,3.15,1.95,0.03,-0.02,-0.13,-0.18,fall_right
33705,-4.81,-0.18,0.48,0.07,-0.11,-0.03,fall_right
33706,-1.42,0.19,0.81,0.06,0.19,-0.12,fall_right
33707,-7.16,-0.42,0.92,0.05,0.18,-0.15,fall_right
33708,-8.47,-1.64,0.46,-0.03,0.06,-0.15,fall_right
33709,-5.6,1.98,0.03,-0.04,0.13,-0.04,fall_right
33710,-8.43,-0.34,0.05,-0.13,0.13,0.07,fall_right
33711,-8.32,0.71,0.81,0.13,-0.16,-0.17,fall_right
33712,-9.78,-1.4,0.94,0.08,-0.02,0.02,fall_right
33713,-0.06,-0.47,0.82,-0.17,0.09,0.05,fall_right
33714,5.23,-0.85,0.0,0.2,0.02,0.15,fall_right
33715,-8.24,0.48,0.34,0.08,0.11,0.09,fall_right
33716,0.52,0.89,0.34,0.18,-0.13,-0.04,fall_right
33717,-8.37,1.64,0.06,-0.17,0.11,-0.11,fall_right
33718,-3.12,-0.24,0.19,0.01,0.12,0.17,fall_right
33719,2.12,1.79,0.78,-0.16,0.13,-0.19,fall_right
33720,-9.67,-1.68,0.97,-0.01,0.07,0.09,fall_right
33721,-3.73,-0.17,0.7,0.1,-0.05,-0.11,fall_right
33722,-3.7,-0.86,0.97,-0.14,0.06,-0.16,fall_right
33723,1.76,0.36,0.2,0.13,-0.11,0.07,fall_right
33724,-3.29,-0.9,0.26,0.02,0.03,0.17,fall_right
33725,-6.44,-0.02,0.9,-0.08,0.14,-0.09,fall_right
33726,6.82,-1.2,0.42,-0.09,-0.09,0.0,fall_right
33727,-5.75,1.75,0.99,0.18,-0.08,-0.01,fall_right
33728,2.22,0.21,0.57,0.16,-0.06,-0.18,fall_right
33729,-5.22,-1.27,0.4,-0.05,0.11,-0.06,fall_right
33730,2.56,1.6,0.03,0.2,-0.08,-0.09,fall_right
33731,-0.57,-1.53,0.34,-0.07,-0.12,0.06,fall_right
33732,-6.56,-1.82,0.04,-0.2,-0.15,-0.08,fall_right
33733,8.64,0.23,0.71,0.07,0.02,0.14,fall_right
33734,-0.08,1.49,0.24,0.01,-0.0,-0.2,fall_right
33735,9.45,-1.42,0.74,-0.01,-0.05,-0.1,fall_right
33736,8.25,1.81,0.25,-0.09,0.12,-0.14,fall_right
33737,8.17,1.84,0.52,-0.19,0.04,0.17,fall_right
33738,3.78,-0.25,0.12,0.03,0.1,-0.18,fall_right
33739,9.0,0.84,0.86,0.07,-0.01,-0.09,fall_right
33740,9.21,-0.44,0.27,-0.09,0.02,0.1,fall_right
33741,7.44,1.88,0.32,0.03,-0.19,0.16,fall_right
33742,1.86,-0.49,0.99,0.03,0.11,0.1,fall_right
33743,-7.93,0.12,0.22,0.05,-0.16,0.1,fall_right
33744,2.78,0.54,0.02,-0.08,0.13,0.0,fall_right
33745,9.04,-0.28,0.13,0.04,0.15,-0.05,fall_right
33746,7.5,1.97,0.34,-0.02,0.15,-0.06,fall_right
33747,-4.62,0.44,0.22,-0.15,-0.18,0.11,fall_right
33748,5.72,0.26,0.73,0.14,-0.11,0.13,fall_right
33749,6.87,-0.95,0.09,-0.12,-0.15,0.07,fall_right
33750,2.1,-0.43,0.99,0.14,0.15,-0.2,fall_right
33751,9.59,-0.65,0.89,0.16,-0.01,0.03,fall_right
33752,-7.12,0.97,0.54,-0.12,-0.05,0.16,fall_right
33753,5.57,-1.44,0.65,0.17,0.05,-0.02,fall_right
33754,-2.36,-1.74,0.91,0.1,-0.07,0.01,fall_right
33755,9.53,1.68,0.74,-0.12,0.12,-0.0,fall_right
33756,7.64,-1.12,0.99,-0.03,0.04,0.06,fall_right
33757,-5.12,-0.9,0.99,-0.09,0.14,0.0,fall_right
33758,-1.7,-0.64,0.14,0.06,-0.05,-0.08,fall_right
33759,-4.68,-0.59,0.5,-0.1,0.12,0.16,fall_right
33760,7.91,0.08,0.55,-0.11,0.12,-0.09,fall_right
33761,-6.15,-1.41,0.23,0.07,-0.09,0.09,fall_right
33762,4.07,-1.18,0.57,-0.09,-0.03,-0.18,fall_right
33763,4.31,-0.37,0.61,0.01,-0.0,0.15,fall_right
33764,7.52,0.84,0.93,0.18,0.13,0.01,fall_right
33765,-0.64,-0.75,0.15,-0.14,-0.15,0.03,fall_right
33766,-1.34,0.87,0.48,0.05,0.01,-0.14,fall_right
33767,9.07,1.23,0.0,-0.06,0.01,0.03,fall_right
33768,8.22,1.53,0.96,0.08,0.05,-0.16,fall_right
33769,6.64,1.67,0.62,-0.11,-0.08,0.04,fall_right
33770,-2.54,0.96,0.06,0.1,0.18,-0.0,fall_right
33771,1.41,1.98,0.12,0.17,-0.04,0.16,fall_right
33772,-7.0,0.37,0.66,0.05,0.07,-0.04,fall_right
33773,-3.1,-1.66,0.77,0.04,0.0,0.02,fall_right
33774,9.61,-1.9,0.18,0.14,0.0,0.02,fall_right
33775,4.68,-0.69,0.14,-0.15,0.01,-0.09,fall_right
33776,-1.76,0.51,1.0,0.07,0.16,0.12,fall_right
33777,4.39,0.47,0.0,-0.18,-0.11,-0.1,fall_right
33778,-4.44,-1.25,0.15,-0.09,0.09,-0.06,fall_right
33779,6.24,-0.63,0.39,0.07,-0.15,-0.11,standing
33780,3.42,0.9,0.56,0.06,-0.02,-0.09,standing
33781,-2.65,-0.95,0.68,0.06,0.11,0.08,standing
33782,8.69,-1.98,0.02,-0.14,-0.09,-0.01,standing
33783,3.78,-0.32,0.89,0.01,-0.13,0.2,standing
33784,-4.02,-0.64,0.01,-0.18,0.08,-0.14,standing
33785,-0.8,0.21,0.97,0.11,-0.03,0.01,standing
33786,-0.62,1.43,0.23,-0.06,0.18,-0.01,standing
33787,7.48,-0.11,0.53,-0.08,0.06,-0.09,standing
33788,7.99,0.48,0.3,0.12,0.01,-0.1,standing
33789,-9.47,-1.52,0.41,-0.06,0.02,-0.11,standing
33790,1.32,-1.31,0.24,0.04,0.05,-0.18,standing
33791,-8.29,-1.38,0.92,0.15,0.06,0.13,standing
33792,-1.41,1.39,0.84,0.1,-0.15,0.17,standing
33793,8.08,-0.7,0.87,0.19,-0.12,0.02,standing
33794,5.46,0.25,0.87,0.04,0.08,0.06,standing
33795,-7.15,1.46,0.67,-0.05,-0.09,-0.07,standing
33796,-1.98,0.38,0.1,0.13,-0.11,0.19,standing
33797,9.34,0.95,0.64,-0.03,-0.11,-0.03,standing
33798,-8.94,-0.76,0.43,-0.03,-0.03,-0.17,standing
33799,9.6,1.82,0.84,-0.17,-0.16,-0.13,standing
33800,2.84,-1.24,0.51,-0.19,-0.11,0.08,standing
33801,5.93,-0.66,0.74,0.15,-0.15,-0.18,standing
33802,-6.95,0.03,0.03,0.18,0.02,0.06,standing
33803,-6.39,-0.47,0.58,0.04,-0.12,0.02,standing
33804,8.89,1.08,0.79,0.12,-0.02,-0.09,standing
33805,-1.69,-0.43,0.8,0.07,-0.09,0.14,standing
33806,-8.54,-0.91,0.9,0.06,-0.13,-0.0,standing
33807,-4.41,1.68,0.61,-0.19,0.09,0.09,standing
33808,-8.14,1.2,0.37,-0.18,-0.1,0.04,standing
33809,0.6,-0.81,0.83,0.14,0.05,-0.02,standing
33810,2.82,1.92,0.42,-0.01,0.02,-0.07,standing
33811,3.72,-0.32,0.19,0.02,0.11,-0.1,standing
33812,-9.77,-0.27,0.35,-0.02,0.19,0.19,standing
33813,-7.0,-1.85,0.64,0.05,0.13,-0.1,standing
33814,-4.26,-1.26,0.44,-0.07,-0.04,-0.18,standing
33815,3.53,1.84,0.09,-0.12,0.14,0.18,standing
33816,-1.7,1.96,0.29,-0.0,0.2,-0.01,standing
33817,-8.92,1.48,0.84,0.2,-0.2,-0.16,standing
33818,1.28,-1.91,0.06,-0.08,-0.02,0.13,standing
33819,5.54,-1.19,0.3,-0.17,-0.04,-0.06,standing
33820,-6.67,0.49,0.18,0.05,-0.17,-0.12,standing
33821,-2.94,-0.05,0.84,0.06,0.1,0.02,standing
33822,7.95,1.06,0.48,0.08,0.09,-0.01,standing
33823,3.72,1.13,0.87,-0.0,-0.02,0.09,standing
33824,9.37,-0.49,0.03,-0.01,0.07,0.16,standing
33825,-4.01,1.19,0.56,0.04,-0.13,-0.02,standing
33826,-6.82,0.72,0.88,0.18,0.02,-0.12,standing
33827,-0.03,0.8,0.69,-0.02,-0.18,-0.11,standing
33828,3.66,-1.57,0.75,0.01,0.12,0.11,standing
33829,-2.42,1.07,0.65,0.14,-0.11,0.15,standing
33830,-7.57,-0.46,0.92,-0.03,0.17,0.17,standing
33831,-4.87,-0.19,0.47,0.17,0.0,0.07,standing
33832,7.01,1.5,0.77,0.08,0.01,-0.01,standing
33833,4.51,1.16,0.12,0.15,0.1,0.1,standing
33834,-3.82,-1.17,0.26,-0.03,-0.05,-0.14,standing
33835,-7.65,-0.39,0.23,0.01,0.01,-0.15,standing
33836,-5.98,-0.26,0.74,-0.19,0.18,0.18,standing
33837,3.53,0.08,0.77,-0.14,0.01,-0.14,standing
33838,-8.72,0.69,0.18,0.13,-0.04,-0.11,standing
33839,2.0,-1.33,0.11,0.02,-0.15,0.17,standing
33840,-7.66,-0.68,0.29,0.0,-0.01,0.02,standing
33841,0.63,1.06,0.18,0.2,-0.13,-0.16,standing
33842,1.24,-0.12,0.11,0.09,-0.14,0.13,standing
33843,-2.15,-0.07,0.43,0.08,-0.1,0.19,standing
33844,-8.48,0.19,0.89,0.17,-0.03,-0.11,standing
33845,-5.65,0.44,0.97,-0.0,0.13,-0.01,standing
33846,8.45,0.11,0.55,-0.03,-0.0,-0.1,standing
33847,4.51,1.79,0.02,0.16,-0.12,0.18,standing
33848,-3.17,1.42,0.7,-0.06,-0.19,0.01,standing
33849,-0.41,0.17,0.47,-0.01,0.1,0.18,standing
33850,1.89,0.0,0.9,0.17,0.03,0.03,standing
33851,-8.29,-0.01,0.46,-0.1,-0.11,0.04,standing
33852,-5.87,0.65,0.74,-0.12,-0.19,-0.19,standing
33853,3.58,-0.38,0.73,-0.04,0.07,-0.15,standing
33854,6.58,1.18,0.26,0.09,0.11,-0.17,standing
33855,-0.4,0.4,0.23,0.19,-0.02,0.11,standing
33856,-5.58,0.53,0.04,-0.0,-0.03,0.17,standing
33857,-5.95,0.73,0.33,0.13,-0.2,-0.01,standing
33858,8.2,1.79,0.45,-0.09,0.15,-0.04,standing
33859,-9.97,-0.03,0.05,0.09,-0.12,-0.08,standing
33860,5.58,0.55,0.71,0.02,-0.12,-0.03,standing
33861,-7.21,0.29,0.92,0.06,0.11,0.12,standing
33862,-7.55,-0.15,0.29,0.09,0.13,0.03,standing
33863,-9.02,0.31,0.84,0.17,-0.01,0.04,standing
33864,-0.98,-0.08,0.96,-0.04,-0.09,0.04,standing
33865,4.2,1.21,0.21,-0.08,-0.18,0.08,standing
33866,6.1,1.12,0.2,-0.14,-0.16,-0.14,standing
33867,-7.78,-0.66,0.22,-0.18,-0.02,0.13,standing
33868,4.37,0.09,0.11,-0.08,0.1,0.01,standing
33869,-8.29,0.92,0.14,0.15,-0.18,0.1,standing
33870,-4.96,0.95,0.28,-0.1,-0.08,0.07,standing
33871,5.01,0.69,0.36,-0.1,-0.15,-0.04,standing
33872,-1.2,0.74,0.12,-0.1,0.14,-0.14,standing
33873,1.33,1.36,0.55,-0.16,-0.16,0.15,standing
33874,-1.51,-0.69,0.44,0.1,-0.09,0.2,standing
33875,5.19,-0.89,0.77,-0.18,-0.04,-0.11,standing
33876,-2.39,0.32,0.08,0.05,-0.07,0.16,standing
33877,4.63,-1.62,0.25,-0.2,-0.19,0.2,standing
33878,-1.94,1.72,0.94,-0.18,-0.07,-0.11,standing
33879,9.03,-0.5,0.05,0.05,0.17,-0.09,standing
33880,8.13,1.32,0.05,0.06,-0.19,-0.09,standing
33881,0.54,1.41,0.31,-0.06,0.16,-0.19,standing
33882,9.0,-1.11,0.23,0.1,0.09,0.07,standing
33883,-6.84,-0.86,0.71,-0.13,-0.06,0.02,standing
33884,-0.98,-1.07,0.37,-0.19,0.02,-0.19,standing
33885,-8.47,-1.05,0.17,0.05,-0.18,-0.07,standing
33886,7.49,0.82,0.39,-0.1,-0.19,0.12,standing
33887,-7.33,1.89,0.45,-0.1,0.06,0.05,standing
33888,-5.89,1.02,0.09,0.17,-0.11,0.01,standing
33889,-2.29,0.37,0.43,0.13,0.1,0.08,standing
33890,7.53,-0.76,0.6,0.03,-0.03,0.13,standing
33891,-3.85,0.09,0.22,0.2,-0.03,-0.08,standing
33892,4.38,-1.73,0.15,0.17,0.04,0.2,standing
33893,6.58,-0.62,0.95,0.08,-0.06,0.05,standing
33894,4.45,-0.9,0.01,0.1,0.16,0.01,standing
33895,8.09,0.12,0.27,-0.07,0.1,-0.18,standing
33896,4.25,-0.56,0.73,-0.04,-0.15,0.12,standing
33897,1.24,0.89,0.55,-0.13,-0.0,-0.17,standing
33898,-7.26,-1.26,0.66,0.18,-0.01,-0.08,standing
33899,-6.43,1.77,0.29,0.18,0.04,-0.13,standing
33900,9.68,0.21,0.54,-0.04,0.2,-0.11,standing
33901,9.43,0.16,0.32,0.08,-0.17,0.19,standing
33902,1.46,-0.16,0.34,-0.03,0.05,0.07,standing
33903,2.16,0.64,0.55,0.02,-0.19,0.15,standing
33904,-9.33,-0.03,0.17,-0.0,0.15,-0.12,standing
33905,1.75,-1.78,0.9,0.13,0.17,-0.09,standing
33906,5.06,-1.21,0.43,-0.16,-0.15,0.15,standing
33907,-2.36,-1.83,0.78,-0.18,-0.09,0.02,standing
33908,7.24,-1.7,0.6,0.02,0.2,0.04,standing
33909,3.0,1.36,0.84,-0.16,0.09,-0.08,standing
33910,-2.29,-1.69,0.64,0.08,-0.12,0.18,standing
33911,-7.77,0.02,0.9,-0.13,-0.17,0.03,standing
33912,-6.82,1.66,0.64,0.1,0.15,0.14,standing
33913,9.85,1.67,0.82,-0.05,-0.03,-0.13,standing
33914,-4.29,-0.29,0.1,0.01,-0.16,-0.17,standing
33915,7.58,-1.98,0.7,-0.18,-0.01,-0.18,standing
33916,5.39,0.6,0.06,0.12,-0.08,0.1,standing
33917,-1.45,0.87,0.66,-0.2,0.03,-0.18,standing
33918,-0.12,-1.69,0.96,-0.05,-0.07,0.04,standing
33919,-1.42,1.28,0.32,-0.12,0.12,0.09,standing
33920,9.37,1.61,0.7,-0.17,-0.11,-0.04,standing
33921,-4.7,-1.28,0.27,-0.09,0.04,-0.09,standing
33922,-5.82,1.87,0.25,0.14,0.02,-0.09,standing
33923,-4.23,1.97,0.31,-0.09,0.18,-0.14,standing
33924,2.03,0.34,0.69,0.03,0.11,0.13,standing
33925,0.98,0.94,0.09,0.04,0.06,0.06,standing
33926,9.16,-0.31,0.28,0.02,-0.01,-0.16,standing
33927,-5.26,1.34,1.0,0.15,0.13,0.11,standing
33928,-8.18,0.17,0.69,-0.1,0.08,-0.14,standing
33929,-0.55,-1.56,0.77,0.17,0.09,0.17,standing
33930,8.04,0.27,0.14,-0.0,-0.09,-0.02,standing
33931,3.06,-0.67,0.17,0.02,-0.2,-0.04,standing
33932,8.47,1.83,0.95,0.09,-0.18,-0.13,standing
33933,9.35,-1.57,0.95,-0.03,-0.01,-0.06,standing
33934,-1.95,-0.06,0.83,-0.13,0.18,-0.15,standing
33935,-4.51,0.58,0.47,0.01,0.17,-0.08,standing
33936,1.15,1.52,0.73,0.06,0.01,0.12,standing
33937,-1.55,-1.01,0.06,0.06,0.13,0.15,standing
33938,-0.66,-1.47,0.11,-0.2,-0.01,-0.06,standing
33939,7.52,-1.14,0.71,-0.08,-0.19,0.02,standing
33940,0.13,-1.35,0.55,0.18,-0.19,0.16,standing
33941,-2.92,0.88,0.44,-0.03,0.12,-0.02,standing
33942,-2.43,0.97,0.07,-0.14,0.01,0.15,standing
33943,3.5,0.21,0.37,0.09,-0.01,0.13,standing
33944,-6.84,-0.91,0.07,0.06,0.15,0.06,standing
33945,-1.61,-0.7,0.7,0.19,-0.19,-0.1,standing
33946,-4.25,-0.14,0.08,0.11,0.14,-0.17,standing
33947,-9.44,1.39,0.17,0.04,0.14,-0.08,standing
33948,-8.29,1.86,0.77,0.07,-0.06,-0.09,standing
33949,8.83,0.16,0.88,-0.07,-0.12,0.03,standing
33950,2.89,-0.66,0.9,0.12,0.08,0.13,standing
33951,-2.99,1.24,0.22,0.09,-0.09,-0.08,standing
33952,-3.11,1.84,0.51,-0.15,-0.01,-0.1,standing
33953,-0.95,-1.5,0.31,-0.2,-0.1,-0.09,standing
33954,-0.97,-1.71,0.33,0.16,0.18,-0.17,standing
33955,-5.1,-1.03,0.43,-0.12,0.02,-0.07,standing
33956,5.37,0.97,0.05,0.19,0.16,-0.02,standing
33957,5.14,0.74,0.03,0.07,-0.08,0.1,standing
33958,8.97,-1.99,0.55,0.02,-0.18,0.13,standing
33959,-2.22,0.72,0.02,0.02,0.08,-0.03,standing
33960,-5.89,1.69,0.6,-0.11,-0.12,0.16,standing
33961,-3.01,1.73,0.33,0.06,-0.06,-0.11,standing
33962,1.6,1.27,0.77,-0.04,-0.05,0.01,standing
33963,-3.03,-0.16,0.2,0.13,0.03,-0.09,standing
33964,7.79,1.87,0.96,0.14,-0.18,-0.16,standing
33965,8.26,-1.86,0.03,0.14,0.09,-0.08,standing
33966,-6.91,1.16,0.36,-0.08,0.05,0.18,standing
33967,-1.79,-1.35,0.54,-0.19,0.0,0.15,standing
33968,1.01,0.13,0.58,0.09,-0.03,0.08,standing
33969,6.96,-1.8,0.49,0.02,0.02,0.12,standing
33970,7.2,-1.2,0.63,-0.14,0.08,-0.16,standing
33971,1.97,1.95,0.21,-0.15,-0.15,-0.04,standing
33972,5.7,1.07,0.85,0.14,0.19,-0.12,standing
33973,-2.5,-0.78,0.56,0.11,0.17,-0.13,standing
33974,0.3,1.74,0.92,-0.18,-0.14,-0.0,standing
33975,0.84,0.46,0.89,0.12,-0.0,0.12,standing
33976,-0.69,-0.75,0.82,0.19,0.1,0.06,standing
33977,8.52,-0.68,0.98,0.2,-0.03,0.01,standing
33978,0.68,-1.16,0.69,-0.13,-0.01,0.14,standing
33979,5.51,-0.55,0.3,0.06,-0.06,-0.08,standing
33980,8.07,0.64,0.72,0.17,0.17,-0.01,standing
33981,2.02,1.97,1.0,-0.08,-0.09,0.01,standing
33982,4.97,-0.07,0.24,0.17,0.07,-0.04,standing
33983,8.07,-1.2,0.7,-0.03,-0.04,0.06,standing
33984,-1.27,1.09,0.09,-0.16,0.11,0.18,standing
33985,-5.5,-1.58,0.35,0.09,-0.13,0.12,standing
33986,7.65,0.76,0.84,-0.17,-0.13,0.17,standing
33987,-7.73,-0.91,0.58,0.11,0.16,-0.15,standing
33988,3.02,-0.39,0.64,-0.16,-0.03,0.08,standing
33989,6.74,-1.01,0.89,-0.04,-0.11,-0.15,standing
33990,-2.71,-1.18,0.05,0.06,-0.05,-0.19,standing
33991,1.04,1.33,0.72,-0.17,-0.13,0.1,standing
33992,0.66,-0.41,0.89,0.01,-0.17,-0.0,standing
33993,8.3,-1.64,0.68,0.02,-0.1,0.19,standing
33994,-1.06,1.38,0.13,0.19,-0.01,-0.1,standing
33995,5.09,1.11,0.86,-0.01,0.04,-0.07,standing
33996,-8.78,-1.81,0.24,-0.15,0.12,-0.2,standing
33997,-8.91,-0.18,0.22,-0.18,0.03,-0.19,standing
33998,2.69,-0.93,0.01,-0.09,-0.09,-0.02,standing
33999,-8.47,1.74,0.46,-0.01,-0.16,0.02,standing
34000,9.25,-1.67,0.71,0.16,-0.2,0.05,standing
34001,9.29,-1.02,0.18,-0.17,0.13,0.08,standing
34002,5.06,-0.91,0.9,0.12,-0.17,-0.13,standing
34003,-5.38,-1.53,0.8,0.11,0.11,0.03,standing
34004,-1.45,-0.65,0.74,-0.14,0.14,-0.02,standing
34005,-7.25,-1.52,0.02,-0.04,-0.05,0.11,standing
34006,9.61,0.25,0.78,0.06,-0.04,0.12,standing
34007,3.29,-1.95,0.8,-0.09,-0.07,-0.16,standing
34008,4.96,-1.7,0.66,-0.15,-0.18,-0.01,standing
34009,-1.26,-1.5,0.72,-0.05,0.12,0.05,standing
34010,-1.23,-1.73,0.02,0.03,-0.11,-0.06,standing
34011,-4.39,-1.94,0.64,-0.09,-0.04,-0.13,standing
34012,-5.49,0.22,0.12,0.17,0.11,-0.01,standing
34013,-3.4,1.23,0.63,0.05,0.19,0.1,standing
34014,-3.45,1.01,0.31,0.13,0.19,-0.15,standing
34015,-5.53,1.88,0.04,-0.0,-0.1,0.12,standing
34016,-4.13,1.62,0.52,-0.02,0.08,0.12,standing
34017,0.67,1.84,0.46,0.04,-0.07,-0.13,standing
34018,-5.77,1.96,0.69,-0.18,0.11,0.06,standing
